[
    {
        "index": 1,
        "name": "传感器报警",
        "introduction": "连续降雨3天，日平均降水量达到300ml，水库水位过高，有发生洪涝灾害的风险",
        "picname": "shuiwei",
        "state": "未解决"
    },
    {
        "index": 2,
        "name": "新发现入侵物种",
        "introduction": "该地区发现新的入侵物种，数量未知，现已经对生态系统造成破坏",
        "picname": "qingwa",
        "state": "未解决"
    }
]