[
    {
        "name": "南京沿江湿地生物多样性综合观测站",
        "coord": [
            118.668507,
            31.985671
        ],
        "value": 2,
        "question": [
            {
                "index": 1,
                "quesname": "传感器报警"
            },
            {
                "index": 2,
                "quesname": "新发现入侵物种"
            }
        ],
        "state": "treating"
    },
    {
        "name": "泰州沿江重要湿地生物多样性观测样区",
        "coord": [
            119.939678,
            32.090691
        ],
        "value": 2,
        "question": [
            {
                "index": 1,
                "quesname": "传感器报警"
            },
            {
                "index": 2,
                "quesname": "新发现入侵物种"
            }
        ],
        "state": "treating"
    },
    {
        "name": "宿迁骆马湖湿地生物多样性观测样区",
        "coord": [
            118.285155,
            34.046445
        ],
        "value": 1,
        "question": [
            {
                "index": 1,
                "quesname": "传感器报警"
            }
        ],
        "state": "treating"
    },
    {
        "name": "宜兴龙池山森林生物多样性综合观测站",
        "coord": [
            119.698156,
            31.212468
        ],
        "value": 1,
        "question": [
            {
                "index": 1,
                "quesname": "传感器报警"
            }
        ],
        "state": "treating"
    },
    {
        "name": "盱眙铁山寺森林生物多样性观测样区",
        "coord": [
            118.480278,
            32.737134
        ],
        "value": 1,
        "question": [
            {
                "index": 1,
                "quesname": "传感器报警"
            }
        ],
        "state": "treating"
    },
    {
        "name": "常州天目山森林生物多样性观测样区",
        "coord": [
            119.420751,
            31.276457
        ],
        "value": 1,
        "question": [
            {
                "index": 1,
                "quesname": "传感器报警"
            }
        ],
        "state": "treating"
    },
    {
        "name": "盐城条子泥湿地生物多样性观测样区",
        "coord": [
            120.908173,
            32.760409
        ],
        "value": 1,
        "question": [
            {
                "index": 1,
                "quesname": "传感器报警"
            }
        ],
        "state": "untreated"
    }
]