{
    "bioPoint": [
        {
            "name": "物种1",
            "coord": [
                119.82,
                32.93
            ]
        },
        {
            "name": "物种2",
            "coord": [
                118.3,
                33.96
            ]
        },
        {
            "name": "物种3",
            "coord": [
                120.3,
                34.08
            ]
        },
        {
            "name": "物种4",
            "coord": [
                120.45,
                33.19
            ]
        },
        {
            "name": "物种5",
            "coord": [
                120.13,
                33.38
            ]
        },
        {
            "name": "物种6",
            "coord": [
                119.36,
                34.47
            ]
        },
        {
            "name": "物种7",
            "coord": [
                119.82,
                31.36
            ]
        },
        {
            "name": "物种8",
            "coord": [
                119.53,
                33.36
            ]
        },
        {
            "name": "物种9",
            "coord": [
                120.11,
                32.31
            ]
        },
        {
            "name": "物种10",
            "coord": [
                118.89,
                33.85
            ]
        },
        {
            "name": "物种11",
            "coord": [
                119.0278,
                31.64878
            ]
        },
        {
            "name": "物种12",
            "coord": [
                118.8917,
                31.31486
            ]
        },
        {
            "name": "物种13",
            "coord": [
                120.3043,
                31.56727
            ]
        },
        {
            "name": "物种14",
            "coord": [
                120.2839,
                31.9129
            ]
        },
        {
            "name": "物种15",
            "coord": [
                119.8247,
                31.33188
            ]
        },
        {
            "name": "物种16",
            "coord": [
                117.1918,
                34.25986
            ]
        },
        {
            "name": "物种17",
            "coord": [
                116.5941,
                34.68733
            ]
        },
        {
            "name": "物种18",
            "coord": [
                120.0925,
                33.70596
            ]
        },
        {
            "name": "物种19",
            "coord": [
                117.942,
                33.90045
            ]
        },
        {
            "name": "物种20",
            "coord": [
                117.9688,
                34.30864
            ]
        },
        {
            "name": "物种21",
            "coord": [
                119.4843,
                31.41371
            ]
        },
        {
            "name": "物种22",
            "coord": [
                120.7521,
                31.65184
            ]
        },
        {
            "name": "物种23",
            "coord": [
                120.6442,
                31.15544
            ]
        },
        {
            "name": "物种24",
            "coord": [
                121.1088,
                31.44783
            ]
        },
        {
            "name": "物种25",
            "coord": [
                121.1874,
                32.31352
            ]
        },
        {
            "name": "物种26",
            "coord": [
                121.17,
                31.89135
            ]
        },
        {
            "name": "物种27",
            "coord": [
                118.7714,
                34.53975
            ]
        },
        {
            "name": "物种28",
            "coord": [
                119.0144,
                33.61022
            ]
        },
        {
            "name": "物种29",
            "coord": [
                118.5446,
                33.009
            ]
        },
        {
            "name": "物种30",
            "coord": [
                119.5784,
                34.19683
            ]
        },
        {
            "name": "物种31",
            "coord": [
                120.3215,
                32.84888
            ]
        },
        {
            "name": "物种32",
            "coord": [
                120.2745,
                32.01264
            ]
        },
        {
            "name": "物种33",
            "coord": [
                120.1264,
                32.50658
            ]
        },
        {
            "name": "物种34",
            "coord": [
                118.7033,
                33.71872
            ]
        },
        {
            "name": "物种35",
            "coord": [
                119.1681,
                31.94214
            ]
        },
        {
            "name": "物种36",
            "coord": [
                119.6063,
                32.00671
            ]
        },
        {
            "name": "物种37",
            "coord": [
                119.4556,
                32.19981
            ]
        },
        {
            "name": "物种38",
            "coord": [
                119.4587,
                32.77838
            ]
        },
        {
            "name": "物种39",
            "coord": [
                119.0278,
                31.64878
            ]
        },
        {
            "name": "物种40",
            "coord": [
                118.7846,
                32.28513
            ]
        }
    ],
    "endangeredPoint": [
        {
            "name": "物种1",
            "coord": [
                119.82,
                32.93
            ]
        },
        {
            "name": "物种2",
            "coord": [
                118.3,
                33.96
            ]
        },
        {
            "name": "物种3",
            "coord": [
                119.36,
                34.47
            ]
        },
        {
            "name": "物种4",
            "coord": [
                119.0278,
                31.64878
            ]
        },
        {
            "name": "物种5",
            "coord": [
                120.3043,
                31.56727
            ]
        },
        {
            "name": "物种6",
            "coord": [
                117.1918,
                34.25986
            ]
        },
        {
            "name": "物种7",
            "coord": [
                117.942,
                33.90045
            ]
        },
        {
            "name": "物种8",
            "coord": [
                120.7521,
                31.65184
            ]
        },
        {
            "name": "物种9",
            "coord": [
                120.6442,
                31.15544
            ]
        },
        {
            "name": "物种10",
            "coord": [
                118.7714,
                34.53975
            ]
        },
        {
            "name": "物种11",
            "coord": [
                120.3215,
                32.84888
            ]
        },
        {
            "name": "物种12",
            "coord": [
                119.4587,
                32.77838
            ]
        }
    ],
    "invadePoint": [
        {
            "name": "物种1",
            "coord": [
                118.3,
                33.96
            ]
        },
        {
            "name": "物种2",
            "coord": [
                120.13,
                33.38
            ]
        },
        {
            "name": "物种3",
            "coord": [
                119.36,
                34.47
            ]
        },
        {
            "name": "物种4",
            "coord": [
                120.11,
                32.31
            ]
        },
        {
            "name": "物种5",
            "coord": [
                120.3043,
                31.56727
            ]
        },
        {
            "name": "物种6",
            "coord": [
                120.2839,
                31.9129
            ]
        },
        {
            "name": "物种7",
            "coord": [
                117.942,
                33.90045
            ]
        },
        {
            "name": "物种8",
            "coord": [
                117.9688,
                34.30864
            ]
        },
        {
            "name": "物种9",
            "coord": [
                121.1088,
                31.44783
            ]
        },
        {
            "name": "物种10",
            "coord": [
                121.1874,
                32.31352
            ]
        },
        {
            "name": "物种11",
            "coord": [
                121.17,
                31.89135
            ]
        },
        {
            "name": "物种12",
            "coord": [
                118.5446,
                33.009
            ]
        },
        {
            "name": "物种13",
            "coord": [
                120.2745,
                32.01264
            ]
        },
        {
            "name": "物种14",
            "coord": [
                119.1681,
                31.94214
            ]
        },
        {
            "name": "物种15",
            "coord": [
                119.6063,
                32.00671
            ]
        },
        {
            "name": "物种16",
            "coord": [
                119.4587,
                32.77838
            ]
        },
        {
            "name": "物种17",
            "coord": [
                116.5941,
                34.68733
            ]
        },
        {
            "name": "物种18",
            "coord": [
                119.0278,
                31.64878
            ]
        }
    ],
    "investPoint": [
        {
            "name": "物种1",
            "coord": [
                119.82,
                32.93
            ]
        },
        {
            "name": "物种2",
            "coord": [
                120.3,
                34.08
            ]
        },
        {
            "name": "物种3",
            "coord": [
                120.45,
                33.19
            ]
        },
        {
            "name": "物种4",
            "coord": [
                119.82,
                31.36
            ]
        },
        {
            "name": "物种5",
            "coord": [
                120.11,
                32.31
            ]
        },
        {
            "name": "物种6",
            "coord": [
                118.89,
                33.85
            ]
        },
        {
            "name": "物种7",
            "coord": [
                118.8917,
                31.31486
            ]
        },
        {
            "name": "物种8",
            "coord": [
                119.8247,
                31.33188
            ]
        },
        {
            "name": "物种9",
            "coord": [
                117.1918,
                34.25986
            ]
        },
        {
            "name": "物种10",
            "coord": [
                117.942,
                33.90045
            ]
        },
        {
            "name": "物种11",
            "coord": [
                117.9688,
                34.30864
            ]
        },
        {
            "name": "物种12",
            "coord": [
                120.7521,
                31.65184
            ]
        },
        {
            "name": "物种13",
            "coord": [
                120.6442,
                31.15544
            ]
        },
        {
            "name": "物种14",
            "coord": [
                121.1874,
                32.31352
            ]
        },
        {
            "name": "物种15",
            "coord": [
                121.17,
                31.89135
            ]
        },
        {
            "name": "物种16",
            "coord": [
                118.7714,
                34.53975
            ]
        },
        {
            "name": "物种17",
            "coord": [
                119.5784,
                34.19683
            ]
        },
        {
            "name": "物种18",
            "coord": [
                120.3215,
                32.84888
            ]
        },
        {
            "name": "物种19",
            "coord": [
                118.7033,
                33.71872
            ]
        },
        {
            "name": "物种20",
            "coord": [
                119.1681,
                31.94214
            ]
        },
        {
            "name": "物种21",
            "coord": [
                119.4587,
                32.77838
            ]
        },
        {
            "name": "物种22",
            "coord": [
                118.7846,
                32.28513
            ]
        }
    ]
}