{
    "infrared": {
        "total": 16,
        "normal": 14,
        "wrong": 2,
        "intro": "现各站点分布红外相机16座\n南京市：2座\n镇江市：1座\n无锡市：3座\n泰州市：2座\n扬州市：1座\n盐城市：3座\n淮安市：1座\n宿迁市：1座\n徐州市：1座\n连云港市：1座"
    },
    "weather": {
        "total": 6,
        "normal": 6,
        "wrong": 0,
        "intro": "现各站点分布气象站6座\n南京市：2座\n扬州市：1座\n镇江市：3座"
    },
    "ai": {
        "total": 13,
        "normal": 12,
        "wrong": 1,
        "intro": "现各站点分布AI监测站13座\n南通市：2座\n苏州市：3座\n淮安市：2座\n泰州市：2座\n扬州市：1座\n盐城市：2座\n宿迁市：1座\n连云港市：1座"
    },
    "tower": {
        "total": 5,
        "normal": 5,
        "wrong": 0,
        "intro": "现各站点分布塔吊5座\n徐州市：3座\n盐城市：1座\n常州市：1座"
    }
}