{
    "infraredPoint": [
        {
            "name": "泰州红外相机1号",
            "coord": [
                119.82,
                32.93
            ],
            "num": "C10001"
        },
        {
            "name": "宿迁红外相机1号",
            "coord": [
                118.3,
                33.96
            ],
            "num": "C10002"
        },
        {
            "name": "盐城红外相机1号",
            "coord": [
                120.3,
                34.08
            ],
            "num": "C10003"
        },
        {
            "name": "盐城红外相机2号",
            "coord": [
                120.45,
                33.19
            ],
            "num": "C10004"
        },
        {
            "name": "盐城红外相机3号",
            "coord": [
                120.13,
                33.38
            ],
            "num": "C10005"
        },
        {
            "name": "连云港红外相机1号",
            "coord": [
                119.36,
                34.47
            ],
            "num": "C10006"
        },
        {
            "name": "镇江红外相机1号",
            "coord": [
                119.52,
                31.96
            ],
            "num": "C10007"
        },
        {
            "name": "扬州红外相机1号",
            "coord": [
                119.53,
                33.36
            ],
            "num": "C10008"
        },
        {
            "name": "泰州红外相机2号",
            "coord": [
                120.11,
                32.31
            ],
            "num": "C10009"
        },
        {
            "name": "淮安红外相机1号",
            "coord": [
                118.89,
                33.85
            ],
            "num": "C10010"
        },
        {
            "name": "南京红外相机1号",
            "coord": [
                119.0278,
                31.64878
            ],
            "num": "C10011"
        },
        {
            "name": "南京红外相机2号",
            "coord": [
                118.8917,
                31.31486
            ],
            "num": "C10012"
        },
        {
            "name": "无锡红外相机1号",
            "coord": [
                120.3043,
                31.56727
            ],
            "num": "C10013"
        },
        {
            "name": "无锡红外相机2号",
            "coord": [
                120.2839,
                31.9129
            ],
            "num": "C10014"
        },
        {
            "name": "无锡红外相机3号",
            "coord": [
                119.8247,
                31.33188
            ],
            "num": "C10015"
        },
        {
            "name": "徐州红外相机1号",
            "coord": [
                117.1918,
                34.25986
            ],
            "num": "C10016"
        }
    ],
    "weatherPoint": [
        {
            "name": "镇江气象站1号",
            "coord": [
                119.1681,
                31.94214
            ],
            "num": "W10001"
        },
        {
            "name": "镇江气象站2号",
            "coord": [
                119.6063,
                32.00671
            ],
            "num": "W10002"
        },
        {
            "name": "镇江气象站3号",
            "coord": [
                119.4556,
                32.19981
            ],
            "num": "W10003"
        },
        {
            "name": "扬州气象站1号",
            "coord": [
                119.4587,
                32.77838
            ],
            "num": "W10005"
        },
        {
            "name": "南京气象站2号",
            "coord": [
                119.0278,
                31.64878
            ],
            "num": "W10005"
        },
        {
            "name": "南京气象站1号",
            "coord": [
                118.7846,
                32.28513
            ],
            "num": "W10006"
        }
    ],
    "aiPoint": [
        {
            "name": "苏州AI监测站1号",
            "coord": [
                120.7521,
                31.65184
            ],
            "num": "A10001"
        },
        {
            "name": "苏州AI监测站2号",
            "coord": [
                120.6442,
                31.15544
            ],
            "num": "A10002"
        },
        {
            "name": "苏州AI监测站3号",
            "coord": [
                121.1088,
                31.44783
            ],
            "num": "A10003"
        },
        {
            "name": "南通AI监测站1号",
            "coord": [
                121.1874,
                32.31352
            ],
            "num": "A10004"
        },
        {
            "name": "南通AI监测站2号",
            "coord": [
                121.17,
                31.89135
            ],
            "num": "A10005"
        },
        {
            "name": "连云港AI监测站1号",
            "coord": [
                118.7714,
                34.53975
            ],
            "num": "A10006"
        },
        {
            "name": "淮安AI监测站1号",
            "coord": [
                119.0144,
                33.61022
            ],
            "num": "A10007"
        },
        {
            "name": "淮安AI监测站2号",
            "coord": [
                118.5446,
                33.009
            ],
            "num": "A10008"
        },
        {
            "name": "盐城AI监测站1号",
            "coord": [
                119.5784,
                34.19683
            ],
            "num": "A10009"
        },
        {
            "name": "盐城AI监测站2号",
            "coord": [
                120.3215,
                32.84888
            ],
            "num": "A10010"
        },
        {
            "name": "泰州AI监测站1号",
            "coord": [
                120.2745,
                32.01264
            ],
            "num": "A10011"
        },
        {
            "name": "泰州AI监测站2号",
            "coord": [
                120.1264,
                32.50658
            ],
            "num": "A10012"
        },
        {
            "name": "宿迁AI监测站1号",
            "coord": [
                118.7033,
                33.71872
            ],
            "num": "A10013"
        }
    ],
    "towerPoint": [
        {
            "name": "徐州塔吊1号",
            "coord": [
                116.5941,
                34.68733
            ],
            "num": "T10001"
        },
        {
            "name": "盐城塔吊1号",
            "coord": [
                120.0925,
                33.70596
            ],
            "num": "T10002"
        },
        {
            "name": "徐州塔吊3号",
            "coord": [
                117.942,
                33.90045
            ],
            "num": "T10003"
        },
        {
            "name": "徐州塔吊2号",
            "coord": [
                117.9688,
                34.30864
            ],
            "num": "T10004"
        },
        {
            "name": "常州塔吊1号",
            "coord": [
                119.4843,
                31.41371
            ],
            "num": "T10005"
        }
    ]
}